date,Industry,NumberOfEmployee,high,open,low,close,volume,EmployeeIncreasePercentage,oi
3/1/2005,Manufacturing,452.2,3760,2.09,49.9,6.7,5.5,0.012312514,0
3/1/2005,Construction,227.7,2679,0.99,51.7,7,1.5,0.0066313,0
3/1/2005,Wholesale & Retail Trade,336,3130,2.1,43.4,1.8,2.2,0.006590773,0
3/1/2005,Transportation and Storage,167.9,3605,2.84,45.8,2.9,1.4,0.008408408,0
3/1/2005,Accomodation and Food Services,126.3,1397,1.08,80.3,2.2,-1.2,-0.009411765,0
3/1/2005,Information and Communications,63,4562,2.35,42,0.6,0,0,0
3/1/2005,Financial and Insurance Services,110.3,6959,3.12,42.7,0.9,2.1,0.019408503,0
3/1/2005,Real Estate Services,46,2869,1.35,45.4,2.1,0.1,0.002178649,0
3/1/2005,Professional Services,106.5,4221,1.86,43.1,1.7,-0.5,-0.004672897,0
3/1/2005,Administrative and Support Services,88.9,2291,1.16,52.1,6.8,1.6,0.018327606,0
3/1/2005,Community & Personal Services,485.7,3628,1.83,41.8,0.7,4.9,0.010191348,0
6/1/2005,Manufacturing,461.4,3127,2.09,50.3,7.2,9.2,0.02034498,0
6/1/2005,Construction,231.1,2400,0.99,52.1,7.3,3.4,0.014931928,0
6/1/2005,Wholesale & Retail Trade,338.6,2790,2.1,43.5,2,2.6,0.007738095,0
6/1/2005,Transportation and Storage,169.3,3219,2.84,45.8,3,1.4,0.008338297,0
6/1/2005,Accomodation and Food Services,126.7,1311,1.08,80.1,1.7,0.4,0.003167063,0
6/1/2005,Information and Communications,64.1,4458,2.35,42.1,0.7,1.1,0.017460317,0
6/1/2005,Financial and Insurance Services,112.4,5455,3.12,42.8,0.9,2.1,0.019038985,0
6/1/2005,Real Estate Services,46.3,2474,1.35,45.7,2.3,0.3,0.006521739,0
6/1/2005,Professional Services,109.2,4002,1.86,43.7,2.3,2.7,0.025352113,0
6/1/2005,Administrative and Support Services,93,2094,1.16,52.1,7.4,4.1,0.046119235,0
6/1/2005,Community & Personal Services,490,3362,1.83,42,0.8,4.3,0.008853202,0
9/1/2005,Manufacturing,469.4,3212,2.09,50.2,7.1,8,0.017338535,0
9/1/2005,Construction,233.3,2357,0.99,52.1,7.3,2.2,0.009519688,0
9/1/2005,Wholesale & Retail Trade,341.3,2788,2.1,43.5,1.8,2.7,0.007974011,0
9/1/2005,Transportation and Storage,170.1,3526,2.84,46,2.8,0.8,0.00472534,0
9/1/2005,Accomodation and Food Services,127.6,1294,1.08,81.4,2,0.9,0.007103394,0
9/1/2005,Information and Communications,65.3,4315,2.35,41.8,0.5,1.2,0.018720749,0
9/1/2005,Financial and Insurance Services,114.1,5269,3.12,43,0.9,1.7,0.015124555,0
9/1/2005,Real Estate Services,47.5,2529,1.35,45.1,1.9,1.2,0.025917927,0
9/1/2005,Professional Services,112.6,4005,1.86,43.7,2,3.4,0.031135531,0
9/1/2005,Administrative and Support Services,95.6,2095,1.16,49.9,4.9,2.6,0.027956989,0
9/1/2005,Community & Personal Services,493.9,3229,1.83,41.9,0.8,3.9,0.007959184,0
12/1/2005,Manufacturing,475.8,3882,2.09,50.4,7.3,6.4,0.013634427,0
12/1/2005,Construction,235,2617,0.99,51.5,6.9,1.7,0.007286755,0
12/1/2005,Wholesale & Retail Trade,346.4,3358,2.1,43.3,1.8,5.1,0.014942866,0
12/1/2005,Transportation and Storage,173,3680,2.84,46,3.1,2.9,0.017048795,0
12/1/2005,Accomodation and Food Services,133.2,1438,1.08,81.6,2.2,5.6,0.043887147,0
12/1/2005,Information and Communications,66.6,4876,2.35,42,0.6,1.3,0.019908116,0
12/1/2005,Financial and Insurance Services,115.9,6112,3.12,42.8,0.9,1.8,0.015775635,0
12/1/2005,Real Estate Services,48.4,3055,1.35,44.8,1.7,0.9,0.018947368,0
12/1/2005,Professional Services,114.6,4694,1.86,43.7,2,2,0.017761989,0
12/1/2005,Administrative and Support Services,97.4,2302,1.16,49.6,4.8,1.8,0.018828452,0
12/1/2005,Community & Personal Services,498.3,4595,1.83,42.1,0.7,4.4,0.008908686,0
3/1/2006,Manufacturing,486.9,3928,2.26,50.5,7.4,11.1,0.02332913,0
3/1/2006,Construction,240.6,2702,1.21,51.5,6.8,5.6,0.023829787,0
3/1/2006,Wholesale & Retail Trade,349.9,3196,2.18,43,1.7,3.5,0.010103926,0
3/1/2006,Transportation and Storage,174.7,3690,2.73,45.9,3,1.7,0.00982659,0
3/1/2006,Accomodation and Food Services,134.3,1471,1.18,38.6,1,1.1,0.008258258,0
3/1/2006,Information and Communications,67.8,4722,2.72,42,0.6,1.2,0.018018018,0
3/1/2006,Financial and Insurance Services,118,7557,3.24,42.8,0.9,2.1,0.018119068,0
3/1/2006,Real Estate Services,49.9,2924,1.44,43.7,1.2,1.5,0.030991736,0
3/1/2006,Professional Services,117.6,4351,2.14,43.8,2.1,3,0.02617801,0
3/1/2006,Administrative and Support Services,103,2309,1.08,49.3,4.9,5.6,0.057494867,0
3/1/2006,Community & Personal Services,506.6,3629,2.26,42,0.3,8.3,0.016656633,0
6/1/2006,Manufacturing,495.2,3236,2.26,50.5,7.3,8.3,0.017046621,0
6/1/2006,Construction,244.2,2354,1.21,52,7.3,3.6,0.014962594,0
6/1/2006,Wholesale & Retail Trade,353,2891,2.18,43.1,1.8,3.1,0.008859674,0
6/1/2006,Transportation and Storage,176.2,3242,2.73,46.1,3.1,1.5,0.008586148,0
6/1/2006,Accomodation and Food Services,135.8,1322,1.18,38.7,0.9,1.5,0.011169025,0
6/1/2006,Information and Communications,69.6,4688,2.72,42,0.6,1.8,0.026548673,0
6/1/2006,Financial and Insurance Services,121.3,5850,3.24,42.7,0.8,3.3,0.027966102,0
6/1/2006,Real Estate Services,51.2,2774,1.44,43.8,1.1,1.3,0.026052104,0
6/1/2006,Professional Services,120.4,4135,2.14,44.1,2.4,2.8,0.023809524,0
6/1/2006,Administrative and Support Services,107.3,2170,1.08,50.1,6.4,4.3,0.041747573,0
6/1/2006,Community & Personal Services,511.3,3524,2.26,41.9,0.4,4.7,0.009277537,0
9/1/2006,Manufacturing,506.6,3329,2.26,50.4,7.3,11.4,0.023021002,0
9/1/2006,Construction,249.8,2373,1.21,52.1,7.3,5.6,0.022932023,0
9/1/2006,Wholesale & Retail Trade,357.5,2895,2.18,43.3,1.8,4.5,0.012747875,0
9/1/2006,Transportation and Storage,177.5,3497,2.73,45.7,2.9,1.3,0.00737798,0
9/1/2006,Accomodation and Food Services,137,1293,1.18,38.9,0.9,1.2,0.008836524,0
9/1/2006,Information and Communications,70.8,4541,2.72,41.7,0.5,1.2,0.017241379,0
9/1/2006,Financial and Insurance Services,124.6,5537,3.24,42.6,0.9,3.3,0.027205276,0
9/1/2006,Real Estate Services,51.8,2905,1.44,44.5,1.5,0.6,0.01171875,0
9/1/2006,Professional Services,124.2,4220,2.14,44.3,2.7,3.8,0.031561462,0
9/1/2006,Administrative and Support Services,111.4,2123,1.08,50.3,6.3,4.1,0.038210624,0
9/1/2006,Community & Personal Services,517.4,3258,2.26,41.8,0.4,6.1,0.011930374,0
12/1/2006,Manufacturing,517.5,3976,2.26,50.5,7.4,10.9,0.021515989,0
12/1/2006,Construction,255.5,2639,1.21,52.2,7.4,5.7,0.022818255,0
12/1/2006,Wholesale & Retail Trade,365,3420,2.18,43.2,1.8,7.5,0.020979021,0
12/1/2006,Transportation and Storage,179,3672,2.73,45.5,2.5,1.5,0.008450704,0
12/1/2006,Accomodation and Food Services,145.8,1437,1.18,39.4,1,8.8,0.064233577,0
12/1/2006,Information and Communications,73.1,5031,2.72,41.9,0.6,2.3,0.032485876,0
12/1/2006,Financial and Insurance Services,127.3,6222,3.24,42.6,0.8,2.7,0.021669342,0
12/1/2006,Real Estate Services,52.9,3607,1.44,44.4,1.3,1.1,0.021235521,0
12/1/2006,Professional Services,128.4,4827,2.14,43.6,2,4.2,0.033816425,0
12/1/2006,Administrative and Support Services,113.2,2350,1.08,50.6,6.4,1.8,0.016157989,0
12/1/2006,Community & Personal Services,522,4914,2.26,41.7,0.3,4.6,0.008890607,0
3/1/2007,Manufacturing,527.6,4093,2.45,50.3,7.2,10.1,0.019516908,0
3/1/2007,Construction,260.9,2828,1.31,52.3,7.5,5.4,0.021135029,0
3/1/2007,Wholesale & Retail Trade,369.8,3375,2.27,43.2,1.7,4.8,0.013150685,0
3/1/2007,Transportation and Storage,178.8,3881,3.44,45.5,2.6,-0.2,-0.001117318,0
3/1/2007,Accomodation and Food Services,147.6,1531,1.42,39.5,1,1.8,0.012345679,0
3/1/2007,Information and Communications,74.3,4982,2.52,41.8,0.5,1.2,0.016415869,0
3/1/2007,Financial and Insurance Services,132.4,8227,3.58,42.4,0.8,5.1,0.040062844,0
3/1/2007,Real Estate Services,54.4,3637,1.75,44.6,1.3,1.5,0.028355388,0
3/1/2007,Professional Services,133.1,4610,2.51,43.5,1.9,4.7,0.036604361,0
3/1/2007,Administrative and Support Services,116.9,2425,1.06,50.3,6.3,3.7,0.032685512,0
3/1/2007,Community & Personal Services,532.9,3722,2.39,41.8,0.4,10.9,0.020881226,0
6/1/2007,Manufacturing,543.5,3377,2.45,50.4,7.3,15.9,0.030136467,0
6/1/2007,Construction,271.9,2473,1.31,52.6,7.8,11,0.042161748,0
6/1/2007,Wholesale & Retail Trade,373.7,3031,2.27,43.2,1.8,3.9,0.010546241,0
6/1/2007,Transportation and Storage,181.7,3413,3.44,45.8,2.9,2.9,0.016219239,0
6/1/2007,Accomodation and Food Services,152.2,1389,1.42,39.3,1.1,4.6,0.031165312,0
6/1/2007,Information and Communications,76.4,5008,2.52,41.9,0.6,2.1,0.028263795,0
6/1/2007,Financial and Insurance Services,136.8,6274,3.58,42.2,0.7,4.4,0.033232628,0
6/1/2007,Real Estate Services,57.8,3203,1.75,44.4,1.3,3.4,0.0625,0
6/1/2007,Professional Services,139.1,4361,2.51,43.7,2.1,6,0.045078888,0
6/1/2007,Administrative and Support Services,119.3,2284,1.06,48.5,5,2.4,0.020530368,0
6/1/2007,Community & Personal Services,540,4172,2.39,41.8,0.4,7.1,0.013323325,0
9/1/2007,Manufacturing,555.9,3484,2.45,50.8,7.7,12.4,0.022815087,0
9/1/2007,Construction,283.2,2503,1.31,52.1,7.4,11.3,0.041559397,0
9/1/2007,Wholesale & Retail Trade,378.4,3033,2.27,43.8,2.1,4.7,0.012576933,0
9/1/2007,Transportation and Storage,179.6,4014,3.44,45.2,2.4,-2.1,-0.011557512,0
9/1/2007,Accomodation and Food Services,154.7,1358,1.42,40,1.2,2.5,0.016425756,0
9/1/2007,Information and Communications,78.4,4756,2.52,41.7,0.4,2,0.02617801,0
9/1/2007,Financial and Insurance Services,146.4,5965,3.58,42.5,0.9,9.6,0.070175439,0
9/1/2007,Real Estate Services,59.7,2968,1.75,44,1.2,1.9,0.032871972,0
9/1/2007,Professional Services,145.3,4422,2.51,44.2,2.4,6.2,0.04457225,0
9/1/2007,Administrative and Support Services,121.2,2266,1.06,48.6,4.7,1.9,0.015926236,0
9/1/2007,Community & Personal Services,547.4,3494,2.39,41.9,0.4,7.4,0.013703704,0
12/1/2007,Manufacturing,566.8,4103,2.45,50.8,7.7,10.9,0.019607843,0
12/1/2007,Construction,295.9,2779,1.31,51.9,7.2,12.7,0.044844633,0
12/1/2007,Wholesale & Retail Trade,384.9,3610,2.27,43.5,2,6.5,0.01717759,0
12/1/2007,Transportation and Storage,184,3881,3.44,46,3.2,4.4,0.024498886,0
12/1/2007,Accomodation and Food Services,162.1,1491,1.42,40.6,1.5,7.4,0.047834518,0
12/1/2007,Information and Communications,79.4,5325,2.52,41.8,0.5,1,0.012755102,0
12/1/2007,Financial and Insurance Services,149.1,6607,3.58,42,0.7,2.7,0.018442623,0
12/1/2007,Real Estate Services,61.4,3614,1.75,44.1,1.3,1.7,0.028475712,0
12/1/2007,Professional Services,150.5,5139,2.51,44.1,2.3,5.2,0.035788025,0
12/1/2007,Administrative and Support Services,124.1,2496,1.06,48.8,5.2,2.9,0.023927393,0
12/1/2007,Community & Personal Services,554.1,4906,2.39,41.9,0.4,6.7,0.012239678,0
3/1/2008,Manufacturing,578.6,4270,2.39,50.5,7.5,11.8,0.020818631,0
3/1/2008,Construction,310.4,3129,1.26,52.2,7.4,14.5,0.049003042,0
3/1/2008,Wholesale & Retail Trade,389.4,3610,2.14,43.6,2,4.5,0.011691348,0
3/1/2008,Transportation and Storage,189.7,4063,3.12,45.9,3,5.7,0.030978261,0
3/1/2008,Accomodation and Food Services,165.5,1654,1.57,40.1,1.2,3.4,0.020974707,0
3/1/2008,Information and Communications,81.1,5326,2.51,41.8,0.5,1.7,0.021410579,0
3/1/2008,Financial and Insurance Services,152.3,8959,3.65,41.8,0.4,3.2,0.021462106,0
3/1/2008,Real Estate Services,64.2,4160,1.71,44,1.2,2.8,0.045602606,0
3/1/2008,Professional Services,156.6,5048,2.35,44.4,2.6,6.1,0.040531561,0
3/1/2008,Administrative and Support Services,128.5,2518,1.12,48.8,5.1,4.4,0.035455278,0
3/1/2008,Community & Personal Services,568.9,4510,2.3,41.7,0.4,14.8,0.02670998,0
6/1/2008,Manufacturing,588.7,3543,2.39,50.4,7.2,10.1,0.017455928,0
6/1/2008,Construction,332.8,2643,1.26,52.5,7.7,22.4,0.072164948,0
6/1/2008,Wholesale & Retail Trade,394.1,3223,2.14,43.7,2.1,4.7,0.012069851,0
6/1/2008,Transportation and Storage,194.4,3573,3.12,46.1,3.3,4.7,0.024775962,0
6/1/2008,Accomodation and Food Services,168.3,1416,1.57,40.8,1.3,2.8,0.016918429,0
6/1/2008,Information and Communications,82.5,5300,2.51,41.8,0.4,1.4,0.017262639,0
6/1/2008,Financial and Insurance Services,156.9,6602,3.65,42.1,0.7,4.6,0.030203546,0
6/1/2008,Real Estate Services,66.1,3153,1.71,44.1,1.4,1.9,0.029595016,0
6/1/2008,Professional Services,162.3,4757,2.35,44.3,2.5,5.7,0.036398467,0
6/1/2008,Administrative and Support Services,133.8,2367,1.12,49,5.6,5.3,0.041245136,0
6/1/2008,Community & Personal Services,576,3822,2.3,41.8,0.4,7.1,0.012480225,0
9/1/2008,Manufacturing,593.3,3678,2.39,50.6,7.3,4.6,0.007813827,0
9/1/2008,Construction,349.2,2690,1.26,52.7,7.9,16.4,0.049278846,0
9/1/2008,Wholesale & Retail Trade,397.4,3204,2.14,43.8,2.1,3.3,0.008373509,0
9/1/2008,Transportation and Storage,198.1,4178,3.12,46.1,3.2,3.7,0.019032922,0
9/1/2008,Accomodation and Food Services,172.5,1424,1.57,42.3,1.3,4.2,0.024955437,0
9/1/2008,Information and Communications,84.5,5037,2.51,41.6,0.4,2,0.024242424,0
9/1/2008,Financial and Insurance Services,160.3,6222,3.65,42.3,0.7,3.4,0.021669853,0
9/1/2008,Real Estate Services,67.4,3100,1.71,44.3,1.5,1.3,0.019667171,0
9/1/2008,Professional Services,167.1,4776,2.35,43.7,2.2,4.8,0.029574861,0
9/1/2008,Administrative and Support Services,136.3,2273,1.12,48,4.7,2.5,0.018684604,0
9/1/2008,Community & Personal Services,585.2,3671,2.3,41.9,0.4,9.2,0.015972222,0
12/1/2008,Manufacturing,586.3,4326,2.39,49,5.9,-7,-0.011798416,0
12/1/2008,Construction,360,2983,1.26,52.3,7.6,10.8,0.030927835,0
12/1/2008,Wholesale & Retail Trade,401.3,3728,2.14,43.8,1.9,3.9,0.00981379,0
12/1/2008,Transportation and Storage,197.7,4140,3.12,45.7,2.8,-0.4,-0.002019182,0
12/1/2008,Accomodation and Food Services,179,1520,1.57,41.8,1.2,6.5,0.037681159,0
12/1/2008,Information and Communications,85.1,5551,2.51,41.3,0.4,0.6,0.007100592,0
12/1/2008,Financial and Insurance Services,160.6,6830,3.65,42.2,0.7,0.3,0.001871491,0
12/1/2008,Real Estate Services,68.4,3637,1.71,44.2,1.5,1,0.014836795,0
12/1/2008,Professional Services,168.6,5435,2.35,43.4,1.8,1.5,0.008976661,0
12/1/2008,Administrative and Support Services,135.1,2514,1.12,47.4,4.2,-1.2,-0.008804109,0
12/1/2008,Community & Personal Services,590.2,4668,2.3,41.8,0.4,5,0.008544087,0
3/1/2009,Manufacturing,564.1,4322,2.33,48.3,5.1,-22.2,-0.037864574,0
3/1/2009,Construction,368.3,3210,1.28,52.1,7.4,8.3,0.023055556,0
3/1/2009,Wholesale & Retail Trade,400.5,3590,1.71,43.6,1.6,-0.8,-0.001993521,0
3/1/2009,Transportation and Storage,196.2,4239,2.51,45,2.2,-1.5,-0.007587253,0
3/1/2009,Accomodation and Food Services,176.3,1586,1.11,40.9,1,-2.7,-0.015083799,0
3/1/2009,Information and Communications,85.9,5264,2.26,41.5,0.2,0.8,0.009400705,0
3/1/2009,Financial and Insurance Services,158.7,8198,2.98,42,0.6,-1.9,-0.011830635,0
3/1/2009,Real Estate Services,69.6,3782,1.62,44.2,1.7,1.2,0.01754386,0
3/1/2009,Professional Services,169.7,5030,1.79,43.4,1.8,1.1,0.006524318,0
3/1/2009,Administrative and Support Services,135,2447,1.02,47.5,4.3,-0.1,-0.000740192,0
3/1/2009,Community & Personal Services,601.7,3958,2.03,41.8,0.3,11.5,0.01948492,0
6/1/2009,Manufacturing,548.2,3546,2.33,48.9,5.7,-15.9,-0.028186492,0
6/1/2009,Construction,373,2764,1.28,52.1,7.4,4.7,0.012761336,0
6/1/2009,Wholesale & Retail Trade,399.7,3206,1.71,43.9,2,-0.8,-0.001997503,0
6/1/2009,Transportation and Storage,194.3,3609,2.51,45.2,2.4,-1.9,-0.009683996,0
6/1/2009,Accomodation and Food Services,173.8,1386,1.11,41.6,1.3,-2.5,-0.014180374,0
6/1/2009,Information and Communications,85.9,5291,2.26,41.4,0.4,0,0,0
6/1/2009,Financial and Insurance Services,157.9,6410,2.98,42.1,0.6,-0.8,-0.005040958,0
6/1/2009,Real Estate Services,70.8,3037,1.62,44.1,1.7,1.2,0.017241379,0
6/1/2009,Professional Services,169.6,4698,1.79,43.5,1.8,-0.1,-0.000589275,0
6/1/2009,Administrative and Support Services,136.7,2280,1.02,47.5,4.2,1.7,0.012592593,0
6/1/2009,Community & Personal Services,608.8,3554,2.03,41.8,0.3,7.1,0.0117999,0
9/1/2009,Manufacturing,541.8,3585,2.33,49.7,6.5,-6.4,-0.011674571,0
9/1/2009,Construction,380.5,2765,1.28,52.3,7.5,7.5,0.020107239,0
9/1/2009,Wholesale & Retail Trade,400.9,3153,1.71,43.5,1.7,1.2,0.003002252,0
9/1/2009,Transportation and Storage,193.6,3714,2.51,45.3,2.5,-0.7,-0.003602676,0
9/1/2009,Accomodation and Food Services,174.1,1377,1.11,41.5,1.2,0.3,0.001726122,0
9/1/2009,Information and Communications,86.7,4998,2.26,41.7,0.5,0.8,0.009313155,0
9/1/2009,Financial and Insurance Services,160,6147,2.98,41.8,0.6,2.1,0.013299557,0
9/1/2009,Real Estate Services,71.9,2858,1.62,44.3,1.6,1.1,0.015536723,0
9/1/2009,Professional Services,170.9,4675,1.79,43.6,1.9,1.3,0.007665094,0
9/1/2009,Administrative and Support Services,136.7,2232,1.02,48.8,5.6,0,0,0
9/1/2009,Community & Personal Services,615.2,3529,2.03,41.9,0.4,6.4,0.010512484,0
12/1/2009,Manufacturing,542.6,4409,2.33,50.4,7.1,0.8,0.00147656,0
12/1/2009,Construction,385,3053,1.28,52.3,7.4,4.5,0.011826544,0
12/1/2009,Wholesale & Retail Trade,407.2,3723,1.71,43.7,1.8,6.3,0.015714642,0
12/1/2009,Transportation and Storage,194,4094,2.51,45.6,2.7,0.4,0.002066116,0
12/1/2009,Accomodation and Food Services,180.7,1501,1.11,40.9,1.1,6.6,0.037909248,0
12/1/2009,Information and Communications,87.7,5458,2.26,41.7,0.5,1,0.011534025,0
12/1/2009,Financial and Insurance Services,164,6803,2.98,41.8,0.6,4,0.025,0
12/1/2009,Real Estate Services,72.5,3416,1.62,44.4,1.8,0.6,0.008344924,0
12/1/2009,Professional Services,172.2,5423,1.79,42.8,1.4,1.3,0.007606788,0
12/1/2009,Administrative and Support Services,140.3,2418,1.02,47.9,4.9,3.6,0.02633504,0
12/1/2009,Community & Personal Services,623.2,4389,2.03,41.8,0.4,8,0.013003901,0
3/1/2010,Manufacturing,545.6,4644,2.6,50.5,7.1,3,0.005528935,0
3/1/2010,Construction,384.6,3409,1.5,52.3,7.3,-0.4,-0.001038961,0
3/1/2010,Wholesale & Retail Trade,409,3665,1.89,43.8,1.8,1.8,0.004420432,0
3/1/2010,Transportation and Storage,194.8,4080,2.39,45.7,2.9,0.8,0.004123711,0
3/1/2010,Accomodation and Food Services,180.5,1585,1.11,41,1.1,-0.2,-0.001106807,0
3/1/2010,Information and Communications,89.4,5173,2.31,41.7,0.5,1.7,0.019384265,0
3/1/2010,Financial and Insurance Services,169.5,9127,3.3,41.3,0.2,5.5,0.033536585,0
3/1/2010,Real Estate Services,77.6,3197,1.66,44.5,2,5.1,0.070344828,0
3/1/2010,Professional Services,174.9,5186,2.17,43,1.7,2.7,0.015679443,0
3/1/2010,Administrative and Support Services,143.9,2663,1.09,48.7,5.4,3.6,0.025659301,0
3/1/2010,Community & Personal Services,635.5,4175,2.37,41.9,0.4,12.3,0.019736842,0
6/1/2010,Manufacturing,543.3,3797,2.6,50.7,7.5,-2.3,-0.004215543,0
6/1/2010,Construction,386.7,2920,1.5,52.6,7.6,2.1,0.005460218,0
6/1/2010,Wholesale & Retail Trade,410.8,3282,1.89,43.7,1.8,1.8,0.004400978,0
6/1/2010,Transportation and Storage,196.8,3643,2.39,45.8,2.9,2,0.01026694,0
6/1/2010,Accomodation and Food Services,182.3,1451,1.11,40.9,1.2,1.8,0.009972299,0
6/1/2010,Information and Communications,92,5488,2.31,41.6,0.6,2.6,0.029082774,0
6/1/2010,Financial and Insurance Services,172.7,7155,3.3,41.3,0.3,3.2,0.018879056,0
6/1/2010,Real Estate Services,78.1,2763,1.66,44.8,2.1,0.5,0.006443299,0
6/1/2010,Professional Services,178.3,4777,2.17,42.9,1.5,3.4,0.01943968,0
6/1/2010,Administrative and Support Services,148.5,2422,1.09,48.7,5.6,4.6,0.031966644,0
6/1/2010,Community & Personal Services,640.9,4008,2.37,41.9,0.5,5.4,0.008497246,0
9/1/2010,Manufacturing,542.6,3881,2.6,50.3,7.1,-0.7,-0.001288423,0
9/1/2010,Construction,386.7,2876,1.5,52.3,7.4,0,0,0
9/1/2010,Wholesale & Retail Trade,413.5,3318,1.89,44,2.1,2.7,0.006572541,0
9/1/2010,Transportation and Storage,198.3,3728,2.39,45.7,3,1.5,0.007621951,0
9/1/2010,Accomodation and Food Services,184.4,1443,1.11,41.6,1.5,2.1,0.011519473,0
9/1/2010,Information and Communications,94.3,5056,2.31,41.8,0.6,2.3,0.025,0
9/1/2010,Financial and Insurance Services,177.2,6868,3.3,41.7,0.3,4.5,0.026056746,0
9/1/2010,Real Estate Services,78.7,2838,1.66,44.7,2.1,0.6,0.007682458,0
9/1/2010,Professional Services,182.6,4716,2.17,43.3,1.8,4.3,0.024116657,0
9/1/2010,Administrative and Support Services,150.5,2380,1.09,48.6,5.1,2,0.013468013,0
9/1/2010,Community & Personal Services,642.2,3811,2.37,42,0.4,1.3,0.002028398,0
12/1/2010,Manufacturing,537.9,4731,2.6,50.4,7.2,-4.7,-0.008661998,0
12/1/2010,Construction,395.6,3248,1.5,52.5,7.6,8.9,0.023015257,0
12/1/2010,Wholesale & Retail Trade,393.7,3918,1.89,43.8,1.8,-19.8,-0.047883918,0
12/1/2010,Transportation and Storage,199.1,4362,2.39,45.6,2.9,0.8,0.004034291,0
12/1/2010,Accomodation and Food Services,192.8,1544,1.11,41.1,1.5,8.4,0.045553145,0
12/1/2010,Information and Communications,97.5,5633,2.31,41.5,0.3,3.2,0.033934252,0
12/1/2010,Financial and Insurance Services,172,7472,3.3,41.4,0.3,-5.2,-0.029345372,0
12/1/2010,Real Estate Services,80.3,3405,1.66,45,2.1,1.6,0.020330368,0
12/1/2010,Professional Services,182.8,5334,2.17,43,1.8,0.2,0.00109529,0
12/1/2010,Administrative and Support Services,185.3,2652,1.09,48.8,5.1,34.8,0.231229236,0
12/1/2010,Community & Personal Services,649.5,5176,2.37,42.1,0.5,7.3,0.011367175,0
3/1/2011,Manufacturing,538.1,4820,2.62,50.4,7,0.2,0.000371816,0
3/1/2011,Construction,397.1,3538,1.59,52.7,7.8,1.5,0.003791709,0
3/1/2011,Wholesale & Retail Trade,397.1,4175,2.19,43.5,1.6,3.4,0.008636017,0
3/1/2011,Transportation and Storage,200.7,4274,2.88,45.9,3.1,1.6,0.008036163,0
3/1/2011,Accomodation and Food Services,193,1622,1.2,41.1,1.4,0.2,0.001037344,0
3/1/2011,Information and Communications,100,5961,2.39,41.3,0.3,2.5,0.025641026,0
3/1/2011,Financial and Insurance Services,174.9,10104,3.35,41.3,0.2,2.9,0.016860465,0
3/1/2011,Real Estate Services,81.2,3451,2.08,45.1,2.1,0.9,0.01120797,0
3/1/2011,Professional Services,187.1,5875,2.29,42.9,1.7,4.3,0.023522976,0
3/1/2011,Administrative and Support Services,186.8,2133,1.05,48.6,5.3,1.5,0.008094981,0
3/1/2011,Community & Personal Services,658.5,4716,2.46,42.1,0.5,9,0.013856813,0
6/1/2011,Manufacturing,538.9,3987,2.62,50.2,7,0.8,0.001486713,0
6/1/2011,Construction,400.7,2909,1.59,53,7.9,3.6,0.009065727,0
6/1/2011,Wholesale & Retail Trade,400.1,3750,2.19,43.7,1.7,3,0.007554772,0
6/1/2011,Transportation and Storage,203.6,3856,2.88,46.1,3.3,2.9,0.014449427,0
6/1/2011,Accomodation and Food Services,193.5,1462,1.2,41.3,1.5,0.5,0.002590674,0
6/1/2011,Information and Communications,102.5,5920,2.39,41.6,0.5,2.5,0.025,0
6/1/2011,Financial and Insurance Services,177.4,7623,3.35,41.2,0.2,2.5,0.014293882,0
6/1/2011,Real Estate Services,81.4,2853,2.08,44.9,2.3,0.2,0.002463054,0
6/1/2011,Professional Services,188.5,5508,2.29,42.9,1.7,1.4,0.00748263,0
6/1/2011,Administrative and Support Services,191.4,2075,1.05,49.1,5.7,4.6,0.024625268,0
6/1/2011,Community & Personal Services,661,4104,2.46,42,0.5,2.5,0.003796507,0
9/1/2011,Manufacturing,542.6,3934,2.62,50.2,7,3.7,0.006865838,0
9/1/2011,Construction,407.5,2949,1.59,52.8,8,6.8,0.016970302,0
9/1/2011,Wholesale & Retail Trade,403.8,3706,2.19,43.6,1.8,3.7,0.009247688,0
9/1/2011,Transportation and Storage,205.4,4092,2.88,46.3,3.3,1.8,0.008840864,0
9/1/2011,Accomodation and Food Services,196.9,1471,1.2,41.9,1.7,3.4,0.017571059,0
9/1/2011,Information and Communications,104.4,5561,2.39,41.5,0.6,1.9,0.018536585,0
9/1/2011,Financial and Insurance Services,180.2,7337,3.35,41.2,0.3,2.8,0.01578354,0
9/1/2011,Real Estate Services,81.8,2824,2.08,44.3,2,0.4,0.004914005,0
9/1/2011,Professional Services,191.4,5438,2.29,43.5,1.9,2.9,0.015384615,0
9/1/2011,Administrative and Support Services,191.4,2069,1.05,48.4,5.2,0,0,0
9/1/2011,Community & Personal Services,665.4,3846,2.46,42.1,0.5,4.4,0.006656581,0
12/1/2011,Manufacturing,523.5,4810,2.62,49.9,6.8,-19.1,-0.035200885,0
12/1/2011,Construction,402.7,3322,1.59,52.6,7.7,-4.8,-0.011779141,0
12/1/2011,Wholesale & Retail Trade,456.5,4429,2.19,44,1.9,52.7,0.130510154,0
12/1/2011,Transportation and Storage,209.1,4611,2.88,46.4,3.6,3.7,0.018013632,0
12/1/2011,Accomodation and Food Services,209.1,1590,1.2,42,1.5,12.2,0.061960386,0
12/1/2011,Information and Communications,104.5,6157,2.39,41.6,0.6,0.1,0.000957854,0
12/1/2011,Financial and Insurance Services,176.7,7971,3.35,41.1,0.2,-3.5,-0.019422863,0
12/1/2011,Real Estate Services,83.6,3278,2.08,44,1.7,1.8,0.02200489,0
12/1/2011,Professional Services,198.5,6133,2.29,42.9,1.6,7.1,0.037095089,0
12/1/2011,Administrative and Support Services,167.2,2220,1.05,48.1,5,-24.2,-0.126436782,0
12/1/2011,Community & Personal Services,673.8,4992,2.46,42.2,0.6,8.4,0.012623986,0
3/1/2012,Manufacturing,525.6,4904,2.54,50.1,7,2.1,0.004011461,0
3/1/2012,Construction,411.4,3628,1.42,53,8.1,8.7,0.021604172,0
3/1/2012,Wholesale & Retail Trade,457.2,4348,2.15,43.8,1.7,0.7,0.001533406,0
3/1/2012,Transportation and Storage,211.2,4357,2.35,46,3.3,2.1,0.010043042,0
3/1/2012,Accomodation and Food Services,208.5,1674,1.31,41.9,1.5,-0.6,-0.00286944,0
3/1/2012,Information and Communications,104.3,6165,2.32,41.5,0.5,-0.2,-0.001913876,0
3/1/2012,Financial and Insurance Services,176.6,10252,3.12,41.1,0.2,-0.1,-0.000565931,0
3/1/2012,Real Estate Services,85.5,3426,1.9,44.5,1.9,1.9,0.022727273,0
3/1/2012,Professional Services,198,6102,2.09,43.1,1.6,-0.5,-0.002518892,0
3/1/2012,Administrative and Support Services,170.7,2225,0.97,49.1,6.1,3.5,0.020933014,0
3/1/2012,Community & Personal Services,682.6,4405,2.36,42.2,0.6,8.8,0.013060255,0
6/1/2012,Manufacturing,530.3,4084,2.54,50.4,7.4,4.7,0.008942161,0
6/1/2012,Construction,421,3024,1.42,53.2,8.4,9.6,0.023334954,0
6/1/2012,Wholesale & Retail Trade,459.2,3912,2.15,43.9,1.8,2,0.004374453,0
6/1/2012,Transportation and Storage,213.4,4137,2.35,46.2,3.5,2.2,0.010416667,0
6/1/2012,Accomodation and Food Services,207.6,1507,1.31,42.4,1.6,-0.9,-0.004316547,0
6/1/2012,Information and Communications,104.9,6107,2.32,41.5,0.5,0.6,0.005752637,0
6/1/2012,Financial and Insurance Services,178.5,7849,3.12,41.1,0.2,1.9,0.010758777,0
6/1/2012,Real Estate Services,86.7,2994,1.9,44.3,1.7,1.2,0.014035088,0
6/1/2012,Professional Services,200.8,5751,2.09,43.2,1.7,2.8,0.014141414,0
6/1/2012,Administrative and Support Services,175.3,2132,0.97,49.1,6.2,4.6,0.026947862,0
6/1/2012,Community & Personal Services,685.6,4076,2.36,42.1,0.6,3,0.00439496,0
9/1/2012,Manufacturing,534,4057,2.54,50.1,7.1,3.7,0.006977183,0
9/1/2012,Construction,430.7,3050,1.42,52.9,8.2,9.7,0.02304038,0
9/1/2012,Wholesale & Retail Trade,459.3,3797,2.15,43.2,1.6,0.1,0.00021777,0
9/1/2012,Transportation and Storage,214.8,3991,2.35,45.9,3.2,1.4,0.00656045,0
9/1/2012,Accomodation and Food Services,209.1,1500,1.31,42.2,1.7,1.5,0.007225434,0
9/1/2012,Information and Communications,105.3,5770,2.32,41.3,0.4,0.4,0.003813155,0
9/1/2012,Financial and Insurance Services,181.4,7544,3.12,41.3,0.2,2.9,0.016246499,0
9/1/2012,Real Estate Services,87.7,2958,1.9,44.6,1.9,1,0.011534025,0
9/1/2012,Professional Services,204.6,5665,2.09,44,2.4,3.8,0.018924303,0
9/1/2012,Administrative and Support Services,175.5,2133,0.97,48,5.1,0.2,0.001140901,0
9/1/2012,Community & Personal Services,686.9,4056,2.36,42,0.5,1.3,0.001896149,0
12/1/2012,Manufacturing,535,4903,2.54,50.2,7.1,1,0.001872659,0
12/1/2012,Construction,441.8,3344,1.42,52.8,8.1,11.1,0.025771999,0
12/1/2012,Wholesale & Retail Trade,466.6,4468,2.15,43.6,1.6,7.3,0.015893751,0
12/1/2012,Transportation and Storage,217.7,4723,2.35,46.2,3.4,2.9,0.013500931,0
12/1/2012,Accomodation and Food Services,217.1,1617,1.31,42,2.2,8,0.038259206,0
12/1/2012,Information and Communications,105.4,6292,2.32,41.7,0.6,0.1,0.000949668,0
12/1/2012,Financial and Insurance Services,183.1,8178,3.12,41.1,0.2,1.7,0.009371555,0
12/1/2012,Real Estate Services,88.4,3453,1.9,44.5,1.9,0.7,0.007981756,0
12/1/2012,Professional Services,207.4,6412,2.09,43.9,2.4,2.8,0.013685239,0
12/1/2012,Administrative and Support Services,175.9,2279,0.97,47.7,4.7,0.4,0.002279202,0
12/1/2012,Community & Personal Services,694.2,5218,2.36,42.1,0.5,7.3,0.010627457,0
3/1/2013,Manufacturing,533.8,5056,2.37,50.2,7.1,-1.2,-0.002242991,0
3/1/2013,Construction,450.3,3799,1.49,53,8.3,8.5,0.019239475,0
3/1/2013,Wholesale & Retail Trade,469.2,4422,2.09,43.4,1.5,2.6,0.005572225,0
3/1/2013,Transportation and Storage,220.2,4492,2.4,45.6,2.8,2.5,0.011483693,0
3/1/2013,Accomodation and Food Services,217,1709,1.29,42.4,2,-0.1,-0.000460617,0
3/1/2013,Information and Communications,106.9,6341,2.38,41.7,0.6,1.5,0.014231499,0
3/1/2013,Financial and Insurance Services,185,10779,3.26,41.2,0.2,1.9,0.010376843,0
3/1/2013,Real Estate Services,89.2,3667,1.91,44.7,2.5,0.8,0.009049774,0
3/1/2013,Professional Services,210.8,6271,2.14,43.7,2.3,3.4,0.016393443,0
3/1/2013,Administrative and Support Services,178.2,2315,1.07,47.3,4.3,2.3,0.013075611,0
3/1/2013,Community & Personal Services,700.5,4940,2.4,42.1,0.4,6.3,0.009075194,0
6/1/2013,Manufacturing,536.1,4269,2.37,50.4,7.4,2.3,0.00430873,0
6/1/2013,Construction,458.8,3093,1.49,53.4,8.6,8.5,0.018876305,0
6/1/2013,Wholesale & Retail Trade,468.1,3930,2.09,43.5,1.7,-1.1,-0.002344416,0
6/1/2013,Transportation and Storage,223.7,4177,2.4,45.4,2.8,3.5,0.015894641,0
6/1/2013,Accomodation and Food Services,219.2,1536,1.29,42.8,2.4,2.2,0.010138249,0
6/1/2013,Information and Communications,111.6,6385,2.38,41.7,0.6,4.7,0.043966324,0
6/1/2013,Financial and Insurance Services,183.6,8234,3.26,41.1,0.2,-1.4,-0.007567568,0
6/1/2013,Real Estate Services,88.7,3151,1.91,44.7,2.5,-0.5,-0.005605381,0
6/1/2013,Professional Services,216.3,5911,2.14,43.8,2.4,5.5,0.026091082,0
6/1/2013,Administrative and Support Services,183,2251,1.07,47.4,4.6,4.8,0.026936027,0
6/1/2013,Community & Personal Services,705.5,4429,2.4,42.1,0.5,5,0.007137759,0
9/1/2013,Manufacturing,539.4,4269,2.37,50.1,7,3.3,0.006155568,0
9/1/2013,Construction,469.5,3093,1.49,53,8.3,10.7,0.023321709,0
9/1/2013,Wholesale & Retail Trade,471.2,3930,2.09,43,1.7,3.1,0.006622517,0
9/1/2013,Transportation and Storage,225.2,4177,2.4,45.9,3,1.5,0.006705409,0
9/1/2013,Accomodation and Food Services,220.2,1536,1.29,43.4,2.4,1,0.004562044,0
9/1/2013,Information and Communications,112.6,6385,2.38,41.7,0.5,1,0.008960573,0
9/1/2013,Financial and Insurance Services,185.8,8234,3.26,41.3,0.3,2.2,0.011982571,0
9/1/2013,Real Estate Services,88.2,3151,1.91,44.3,2.2,-0.5,-0.005636979,0
9/1/2013,Professional Services,221,5911,2.14,43.6,2,4.7,0.02172908,0
9/1/2013,Administrative and Support Services,184.2,2251,1.07,47.8,5.3,1.2,0.006557377,0
9/1/2013,Community & Personal Services,709.8,4429,2.4,42,0.5,4.3,0.006094968,0
12/1/2013,Manufacturing,540.3,4269,2.37,49.9,6.9,0.9,0.001668521,0
12/1/2013,Construction,477.1,3093,1.49,53.5,8.6,7.6,0.016187433,0
12/1/2013,Wholesale & Retail Trade,479.7,3930,2.09,42.9,1.7,8.5,0.018039049,0
12/1/2013,Transportation and Storage,226.5,4177,2.4,46.1,3.3,1.3,0.005772647,0
12/1/2013,Accomodation and Food Services,226.8,1536,1.29,43.2,2.4,6.6,0.029972752,0
12/1/2013,Information and Communications,113.5,6385,2.38,41.5,0.3,0.9,0.007992895,0
12/1/2013,Financial and Insurance Services,187.7,8234,3.26,41.1,0.2,1.9,0.01022605,0
12/1/2013,Real Estate Services,88.9,3151,1.91,44.5,1.8,0.7,0.007936508,0
12/1/2013,Professional Services,222.4,5911,2.14,43.1,1.8,1.4,0.006334842,0
12/1/2013,Administrative and Support Services,187.3,2251,1.07,47.3,4.9,3.1,0.016829533,0
12/1/2013,Community & Personal Services,717.3,4429,2.4,42.1,0.5,7.5,0.010566357,0
